<?xml version="1.0" encoding="UTF-8"?>
<!DOCTYPE hibernate-configuration PUBLIC
		"-//Hibernate/Hibernate Configuration DTD 3.0//EN"
		"http://www.hibernate.org/dtd/hibernate-configuration-3.0.dtd">
		
<hibernate-configuration>
    <session-factory>
    
    <!--  jdbc properties -->
    <property name="hibernate.connection.driver_class">com.mysql.cj.jdbc.Driver</property>
    <property name="hibernate.connection.url">jdbc:mysql://localhost:3306/learners?useSSL=false&amp;allowPublicKeyRetrieval=true");</property>
    <property name="hibernate.connection.studentname">root</property>
    <property name="hibernate.connection.password">secret</property>

    <!-- dialect (MYSQL) -->
    <property name="hibernate.dialect">org.hibernate.dialect.MySQL55Dialect</property>
    
    <!-- Hibernate to create a schema -->
    <property name="hibernate.hbm2ddl.auto">create</property>
    
    <!-- in console check SQL query's generated by Hibernate -->
    <property name="hibernate.show_sql">true</property>

    <mapping resource="com/simplilearn/learners/config/ClassSession.hbm.xml"/>
    <mapping resource="com/simplilearn/learners/config/Subject.hbm.xml"/>
    <mapping resource="com/simplilearn/learners/config/Student.hbm.xml"/>
    <mapping resource="com/simplilearn/learners/config/Teacher.hbm.xml"/>
         
    </session-factory>
</hibernate-configuration>