<?xml version="1.0" encoding="UTF-8"?>
<!DOCTYPE hibernate-mapping PUBLIC
		"-//Hibernate/Hibernate Mapping DTD 3.0//EN"
		"http://www.hibernate.org/dtd/hibernate-mapping-3.0.dtd">

<hibernate-mapping>
	<class name="com.simplilearn.learners.entities.ClassSession" table="CLASSSESSIONS">

		<meta attribute="class-description">
			Teacher information
		</meta>

		<id name="id" type="int">
			<column name="id" />
			<generator class="identity" />
		</id>
		
		<property name="teacherid" column="teacherid" type="int" />
		<property name="subjectid" column="subjectid" type="int" />
		
	</class>
</hibernate-mapping>