<?xml version="1.0" encoding="UTF-8"?>
<!DOCTYPE hibernate-mapping PUBLIC
		"-//Hibernate/Hibernate Mapping DTD 3.0//EN"
		"http://www.hibernate.org/dtd/hibernate-mapping-3.0.dtd">

<hibernate-mapping>
	<class name="com.simplilearn.learners.entities.Teacher" table="TEACHERS">

		<meta attribute="class-description">
			Teacher information
		</meta>

		<id name="id" type="int">
			<column name="id" />
			<generator class="identity" />
		</id>
		<property name="title" column="title" type="java.lang.String" />
		<property name="firstname" column="firstname" type="java.lang.String" />
		<property name="lastname" column="lastname" type="java.lang.String" />
		<property name="email" column="email" type="java.lang.String" />
		
	</class>
</hibernate-mapping>